x,happy,neutral,sad
1,2,3,4
1,0,0,0
2,1,0,0
3,2,0,0
4,3,0,0
5,4,0,0
6,5,0,0
7,5,0,0
8,5,0,0
9,0,1,0
10,1,0,0
11,2,0,0
12,0,1,0
13,0,2,0
14,0,2,0
15,0,2,0
16,0,2,0
17,0,2,0
18,0,2,0
19,0,2,0
20,0,2,0
21,0,2,0
22,0,2,0
23,0,2,0
24,0,3,0
25,0,4,0
26,0,5,0
27,0,5,0
28,0,5,0
29,0,5,0
30,0,5,0
31,0,5,0
32,0,5,0
33,0,5,0
34,0,5,0
35,0,5,0
36,0,5,0
37,0,5,0
38,0,5,0
39,0,5,0
40,0,5,0
41,0,5,0
42,0,5,0
43,0,5,0
44,0,5,0
45,0,5,0
46,0,5,0
47,0,5,0
48,0,5,0
49,0,5,0
50,0,5,0
51,0,5,0
52,0,5,0
53,0,5,0
54,0,5,0
55,0,5,0
56,0,5,0
57,0,5,0
58,0,5,0
59,0,5,0
60,0,5,0
61,0,5,0
62,0,5,0
63,0,5,0
64,0,5,0
65,0,5,0
66,0,5,0
67,0,5,0
68,0,5,0
69,0,5,0
70,0,5,0
71,0,5,0
72,0,5,0
73,0,5,0
74,1,0,0
75,0,1,0
76,1,0,0
77,1,0,0
78,0,1,0
79,0,1,0
80,0,1,0
81,0,1,0
82,0,2,0
83,0,2,0
84,0,0,1
85,0,1,0
86,0,2,0
87,0,3,0
88,0,3,0
89,0,3,0
90,0,3,0
91,0,3,0
92,0,3,0
93,0,3,0
94,0,3,0
95,0,4,0
96,0,4,0
97,0,4,0
98,0,4,0
99,0,5,0
100,0,5,0
101,0,5,0
102,0,5,0
103,0,5,0
104,0,5,0
105,0,5,0
106,0,5,0
107,0,5,0
108,0,5,0
109,0,5,0
110,0,0,1
111,0,0,2
112,0,0,3
113,0,0,4
114,0,0,5
115,0,0,5
116,0,0,5
117,0,1,0
118,0,2,0
119,0,3,0
120,0,0,1
121,0,1,0
122,0,1,0
123,1,0,0
124,1,0,0
125,2,0,0
126,2,0,0
127,2,0,0
128,0,1,0
129,0,2,0
130,0,3,0
131,0,4,0
132,0,5,0
133,0,5,0
134,1,0,0
135,2,0,0
136,0,1,0
137,0,1,0
138,0,2,0
139,0,2,0
140,0,2,0
141,0,2,0
142,0,3,0
143,0,3,0
144,0,4,0
145,0,4,0
146,0,5,0
147,1,0,0
148,0,1,0
149,0,2,0
150,0,3,0
151,0,4,0
152,0,5,0
153,1,0,0
154,0,1,0
155,0,2,0
156,1,0,0
157,2,0,0
158,0,1,0
159,1,0,0
160,1,0,0
161,2,0,0
162,2,0,0
163,2,0,0
164,0,0,1
165,0,0,2
166,0,0,2
167,0,0,2
168,0,0,2
169,0,0,2
170,0,1,0
171,0,1,0
172,1,0,0
173,1,0,0
174,1,0,0
175,1,0,0
176,2,0,0
177,2,0,0
178,3,0,0
179,3,0,0
180,3,0,0
181,3,0,0
182,3,0,0
183,3,0,0
184,3,0,0
185,0,1,0
186,0,1,0
187,0,1,0
188,0,1,0
189,0,1,0
190,0,2,0
191,0,2,0
192,0,2,0
193,0,2,0
194,0,2,0
195,1,0,0
196,2,0,0
197,0,1,0
198,0,1,0
199,0,1,0
200,0,2,0
201,0,2,0
202,0,2,0
203,1,0,0
204,2,0,0
205,2,0,0
206,2,0,0
207,2,0,0
208,2,0,0
209,2,0,0
210,3,0,0
211,4,0,0
212,5,0,0
213,5,0,0
214,5,0,0
215,5,0,0
216,5,0,0
217,5,0,0
218,5,0,0
219,5,0,0
220,5,0,0
221,0,1,0
222,0,1,0
223,0,1,0
224,0,1,0
225,0,1,0
226,0,1,0
227,0,1,0
228,0,1,0
229,0,1,0
230,0,1,0
231,0,1,0
232,0,1,0
233,0,1,0
234,0,1,0
235,0,2,0
236,0,2,0
237,0,0,1
238,0,0,1
239,0,0,1
240,0,0,1
241,0,0,1
242,0,0,1
243,0,0,1
244,0,0,1
245,0,1,0
246,1,0,0
247,1,0,0
248,0,1,0
249,0,2,0
250,0,2,0
251,0,2,0
252,0,2,0
253,0,2,0
254,0,2,0
255,0,2,0
256,0,3,0
257,0,0,1
258,0,0,1
259,0,0,1
260,0,0,1
261,0,0,1
262,0,0,1
263,0,0,1
264,0,0,1
265,0,0,1
266,0,0,1
267,0,0,1
268,0,0,2
269,0,0,2
270,0,0,2
271,0,0,2
272,0,0,2
273,0,0,2
274,0,0,2
275,0,0,2
276,0,0,2
277,0,0,2
278,0,0,2
279,0,0,2
280,0,0,2
281,0,0,2
282,0,0,2
283,0,0,2
284,0,0,2
285,0,0,2
286,0,0,2
287,0,0,2
288,0,0,2
289,0,0,2
290,0,0,2
291,0,0,2
292,0,0,2
293,0,0,2
294,0,0,2
295,0,1,0
296,1,0,0
297,1,0,0
298,0,1,0
299,0,2,0
300,0,2,0
301,0,2,0
302,0,2,0
303,0,2,0
304,1,0,0
305,0,0,1
306,0,0,1
307,0,0,2
308,0,0,2
309,0,0,2
310,0,0,2
311,0,0,2
312,0,0,2
313,0,0,2
314,0,0,2
315,0,0,2
316,0,0,2
317,0,0,2
318,0,0,2
319,0,0,2
320,0,0,2
321,0,0,2
322,0,0,2
323,0,0,2
324,0,0,2
325,0,0,2
326,0,0,2
327,0,0,2
328,0,0,2
329,0,0,2
330,0,0,2
331,0,0,2
332,0,0,2
333,0,0,2
334,0,0,2
335,0,0,2
336,0,0,2
337,0,0,2
338,0,1,0
339,0,1,0
340,0,1,0
341,0,1,0
342,0,2,0
343,0,2,0
344,0,3,0
345,0,4,0
346,0,4,0
347,0,4,0
348,0,4,0
349,0,4,0
350,0,4,0
351,0,4,0
352,0,4,0
353,0,5,0
354,0,5,0
355,0,5,0
356,0,5,0
357,0,5,0
358,0,5,0
359,0,5,0
360,0,5,0
361,0,5,0
362,0,5,0
363,0,5,0
364,0,5,0
365,0,5,0
366,0,0,1
367,0,0,2
368,0,0,3
369,0,0,3
370,0,1,0
371,0,2,0
372,0,3,0
373,0,4,0
374,0,5,0
375,0,5,0
376,0,5,0
377,0,5,0
378,0,5,0
379,0,5,0
380,0,5,0
381,0,5,0
382,0,5,0
383,0,5,0
384,0,5,0
385,0,5,0
386,0,5,0
387,0,5,0
388,0,5,0
389,0,5,0
390,0,5,0
391,0,5,0
392,0,0,1
393,0,0,2
394,0,0,3
395,0,0,4
396,0,0,5
397,0,0,5
398,0,0,5
399,0,0,5
400,0,0,5
401,0,0,5
402,0,0,5
403,0,0,5
404,0,0,5
405,0,0,5
406,0,0,5
407,0,0,5
408,0,0,5
409,0,0,5
410,0,0,5
411,0,0,5
412,0,0,5
413,0,0,5
414,0,0,5
415,0,0,5
416,0,0,5
417,0,0,5
418,0,0,5
419,0,0,5
420,0,0,5
421,0,0,5
422,0,0,5
423,0,0,5
424,0,0,5
425,0,0,5
426,0,0,5
427,0,0,5
428,0,0,5
429,0,0,5
430,0,0,5
431,0,0,5
432,0,0,5
433,0,1,0
434,0,2,0
435,0,3,0
436,0,4,0
437,0,5,0
438,0,5,0
439,0,5,0
440,0,5,0
441,0,5,0
442,0,5,0
443,0,5,0
444,0,5,0
445,0,5,0
446,0,5,0
447,0,5,0
448,0,5,0
449,0,5,0
450,0,5,0
451,0,5,0
452,0,5,0
453,0,5,0
454,0,5,0
455,0,5,0
456,0,5,0
457,0,5,0
458,0,5,0
459,0,5,0
460,0,5,0
461,0,5,0
462,0,5,0
463,0,5,0
464,0,5,0
465,0,5,0
466,0,5,0
467,0,5,0
468,0,5,0
469,0,5,0
470,0,5,0
471,0,5,0
472,0,5,0
473,0,5,0
474,0,5,0
475,0,5,0
476,0,5,0
477,0,5,0
478,0,5,0
479,0,5,0
480,0,5,0
481,0,5,0
482,0,5,0
483,0,5,0
484,0,5,0
485,0,5,0
486,0,5,0
487,0,5,0
488,0,5,0
489,0,5,0
490,0,5,0
491,0,5,0
492,0,5,0
493,0,5,0
494,0,5,0
495,0,5,0
496,0,5,0
497,0,5,0
498,0,5,0
499,0,5,0
500,0,5,0
501,0,5,0
502,0,5,0
503,0,5,0
504,0,5,0
505,0,5,0
506,0,5,0
507,0,5,0
508,0,5,0
509,0,5,0
510,0,5,0
511,0,5,0
512,0,5,0
513,0,5,0
514,0,5,0
515,0,5,0
516,0,5,0
517,0,5,0
518,0,5,0
519,0,5,0
520,0,5,0
521,0,5,0
522,0,5,0
523,0,5,0
524,0,5,0
525,0,5,0
526,0,5,0
527,0,5,0
528,0,5,0
529,0,5,0
530,0,5,0
531,0,5,0
532,0,0,1
533,0,0,1
534,0,0,1
535,0,0,1
536,0,0,1
537,0,0,1
538,0,1,0
539,0,2,0
540,0,2,0
541,1,0,0
542,0,1,0
543,0,1,0
544,0,0,1
545,0,0,1
546,0,0,2
547,0,1,0
548,0,0,1
549,0,0,2
550,0,1,0
551,0,0,1
552,0,0,2
553,0,0,2
554,0,0,3
555,0,0,4
556,0,1,0
557,0,1,0
558,0,2,0
559,0,3,0
560,0,4,0
561,1,0,0
562,0,1,0
563,1,0,0
564,2,0,0
565,0,0,1
566,0,0,2
567,1,0,0
568,2,0,0
569,2,0,0
570,0,1,0
571,0,1,0
572,0,1,0
573,0,1,0
574,1,0,0
575,0,0,1
576,0,1,0
577,0,2,0
578,0,2,0
579,0,0,1
580,0,0,1
581,0,0,2
582,0,0,2
583,0,0,3
584,0,1,0
585,0,0,1
586,0,1,0
587,0,0,1
588,0,1,0
589,0,0,1
590,0,1,0
591,0,0,1
592,0,1,0
593,0,2,0
594,0,3,0
595,0,3,0
596,0,3,0
597,0,0,1
598,0,0,2
599,0,0,2
600,0,0,3
601,0,0,4
602,0,0,5
603,0,0,5
604,0,0,5
605,0,0,5
606,0,1,0
607,0,2,0
608,0,0,1
609,0,0,1
610,0,1,0
611,0,1,0
612,0,0,1
613,0,1,0
614,0,0,1
615,0,0,2
616,0,0,2
617,0,0,3
618,0,1,0
619,0,0,1
620,0,1,0
621,0,1,0
622,0,0,1
623,0,0,2
624,0,1,0
625,0,1,0
626,0,0,1
627,0,1,0
628,0,0,1
629,0,0,1
630,0,0,2
631,0,0,2
632,0,1,0
633,0,1,0
634,0,2,0
635,0,2,0
636,0,3,0
637,0,3,0
638,1,0,0
639,0,1,0
640,1,0,0
641,1,0,0
642,2,0,0
643,0,1,0
644,1,0,0
645,0,1,0
646,1,0,0
647,0,1,0
648,1,0,0
649,0,1,0
650,1,0,0
651,0,0,1
652,0,0,1
653,0,0,2
654,0,0,2
655,0,0,2
656,0,0,2
657,0,1,0
658,0,2,0
659,0,0,1
660,0,0,1
661,0,0,1
662,0,1,0
663,0,1,0
664,0,1,0
665,0,1,0
666,0,1,0
667,0,2,0
668,0,3,0
669,0,4,0
670,0,5,0
671,0,5,0
672,0,0,1
673,0,0,1
674,1,0,0
675,0,0,1
676,0,1,0
677,0,1,0
678,0,2,0
679,0,2,0
680,0,2,0
681,0,3,0
682,0,0,1
683,0,0,1
684,0,1,0
685,0,2,0
686,0,3,0
687,0,0,1
688,0,1,0
689,0,0,1
690,0,1,0
691,0,0,1
692,0,1,0
693,0,1,0
694,0,2,0
695,0,2,0
696,0,3,0
697,0,4,0
698,0,5,0
699,1,0,0
700,0,1,0
701,0,1,0
702,0,1,0
703,0,0,1
704,0,1,0
705,0,1,0
706,0,0,1
707,0,1,0
708,0,0,1
709,0,1,0
710,0,2,0
711,0,3,0
712,0,3,0
713,0,4,0
714,0,5,0
715,0,5,0
716,0,5,0
717,0,5,0
718,0,5,0
719,0,5,0
720,0,5,0
721,0,5,0
722,0,5,0
723,0,5,0
724,0,5,0
725,0,0,1
726,0,0,1
727,0,0,1
728,0,0,1
729,0,1,0
730,0,1,0
731,0,1,0
732,0,1,0
733,0,1,0
734,0,1,0
735,0,2,0
736,0,3,0
737,0,3,0
738,0,3,0
739,0,0,1
740,0,0,1
741,0,0,2
742,0,1,0
743,0,0,1
744,0,0,1
745,0,0,2
746,0,0,2
747,0,0,3
748,0,1,0
749,0,2,0
750,0,2,0
751,0,0,1
752,0,0,1
753,0,0,1
754,0,0,2
755,0,0,2
756,0,0,3
757,0,1,0
758,0,0,1
759,0,1,0
760,0,0,1
761,0,0,2
762,0,0,2
763,0,0,2
764,0,0,3
765,0,0,4
766,0,0,4
767,0,1,0
768,0,1,0
769,0,1,0
770,0,1,0
771,0,1,0
772,0,1,0
773,0,1,0
774,0,2,0
775,0,2,0
776,0,3,0
777,0,3,0
778,0,3,0
779,0,3,0
780,0,3,0
781,0,3,0
782,0,3,0
783,0,3,0
784,0,3,0
785,0,4,0
786,0,4,0
787,0,4,0
788,0,4,0
789,0,4,0
790,0,4,0
791,0,4,0
792,0,4,0
793,0,4,0
794,0,4,0
795,0,5,0
796,0,5,0
797,0,5,0
798,0,5,0
799,0,5,0
800,0,5,0
801,0,5,0
802,0,5,0
803,0,0,1
804,0,0,1
805,0,0,1
806,0,1,0
807,0,1,0
808,0,1,0
809,0,1,0
810,0,2,0
811,0,2,0
812,0,2,0
813,0,0,1
814,0,0,1
815,0,0,1
816,0,0,1
817,0,0,2
818,0,0,3
819,0,0,4
820,0,0,5
821,0,0,5
822,0,0,5
823,0,0,5
824,0,1,0
825,0,1,0
826,0,0,1
827,0,0,2
828,0,1,0
829,0,0,1
830,0,0,1
831,0,0,2
832,0,0,3
833,0,0,4
834,0,0,4
835,0,0,4
836,0,0,4
837,0,0,4
838,0,1,0
839,0,0,1
840,0,0,1
841,0,0,1
842,0,0,2
843,0,0,2
844,0,0,3
845,0,0,3
846,0,0,3
847,0,0,4
848,0,1,0
849,0,0,1
850,0,1,0
851,0,0,1
852,0,0,2
853,0,1,0
854,0,0,1
855,0,0,2
856,0,0,2
857,0,0,2
858,0,0,3
859,0,1,0
860,0,1,0
861,0,2,0
862,0,2,0
863,0,0,1
864,0,0,2
865,0,0,3
866,0,0,4
867,0,1,0
868,0,1,0
869,0,2,0
870,0,3,0
871,0,3,0
872,0,4,0
873,0,4,0
874,0,5,0
875,0,0,1
876,0,1,0
877,0,2,0
878,0,3,0
879,0,3,0
880,0,0,1
881,0,1,0
882,0,2,0
883,0,0,1
884,0,0,2
885,0,0,3
886,0,1,0
887,0,2,0
888,0,3,0
889,0,4,0
890,0,4,0
891,0,5,0
892,0,0,1
893,0,0,1
894,0,0,1
895,0,0,1
896,0,0,1
897,0,0,1
898,0,0,2
899,0,0,2
900,0,0,2
901,0,0,2
902,0,0,3
903,0,0,4
904,0,0,5
905,0,0,5
906,0,0,5
907,0,0,5
908,0,1,0
909,0,1,0
910,0,2,0
911,0,2,0
912,0,2,0
913,0,3,0
914,0,3,0
915,0,4,0
916,0,5,0
917,0,5,0
918,0,5,0
919,0,5,0
920,0,5,0
921,0,5,0
922,0,5,0
923,0,5,0
924,0,5,0
925,0,0,1
926,0,0,2
927,0,1,0
928,0,0,1
929,0,1,0
930,0,0,1
931,0,0,1
932,0,0,1
933,0,0,1
934,0,0,1
935,0,0,1
936,0,1,0
937,0,1,0
938,0,2,0
939,0,0,1
940,0,1,0
941,0,2,0
942,0,0,1
943,0,1,0
944,0,0,1
945,0,0,2
946,0,1,0
947,0,1,0
948,0,2,0
949,0,0,1
950,0,0,1
951,0,1,0
952,0,0,1
953,0,0,2
954,0,0,2
955,0,0,3
956,0,0,4
957,0,0,4
958,0,1,0
959,0,0,1
960,0,0,2
961,0,1,0
962,0,0,1
963,0,1,0
964,0,1,0
965,0,2,0
966,0,2,0
967,0,3,0
968,0,0,1
969,0,1,0
970,0,0,1
971,0,1,0
972,0,2,0
973,0,2,0
974,0,0,1
975,0,0,1
976,0,0,1
977,0,0,2
978,0,1,0
979,1,0,0
980,0,0,1
981,0,0,1
982,0,0,1
983,0,0,1
984,1,0,0
985,0,1,0
986,1,0,0
987,0,1,0
988,0,1,0
989,0,1,0
990,0,0,1
991,0,0,1
992,0,0,1
993,0,1,0
994,1,0,0
995,2,0,0
996,0,1,0
997,1,0,0
998,1,0,0
999,2,0,0
1000,3,0,0
1001,3,0,0
1002,0,1,0
1003,1,0,0
1004,0,1,0
1005,0,1,0
1006,1,0,0
1007,2,0,0
1008,3,0,0
1009,4,0,0
1010,5,0,0
1011,5,0,0
1012,5,0,0
1013,5,0,0
1014,5,0,0
1015,5,0,0
1016,5,0,0
1017,0,1,0
1018,0,1,0
1019,0,1,0
1020,0,0,1
1021,0,0,2
1022,0,0,2
1023,1,0,0
1024,2,0,0
1025,3,0,0
1026,4,0,0
1027,5,0,0
1028,5,0,0
1029,5,0,0
1030,5,0,0
1031,5,0,0
1032,5,0,0
1033,5,0,0
1034,5,0,0
1035,5,0,0
1036,5,0,0
1037,5,0,0
1038,5,0,0
1039,5,0,0
1040,5,0,0
1041,5,0,0
1042,5,0,0
1043,5,0,0
1044,5,0,0
1045,5,0,0
1046,5,0,0
1047,5,0,0
1048,5,0,0
1049,5,0,0
1050,5,0,0
1051,5,0,0
1052,5,0,0
1053,5,0,0
1054,5,0,0
1055,5,0,0
1056,5,0,0
1057,5,0,0
1058,5,0,0
1059,5,0,0
1060,5,0,0
1061,5,0,0
1062,5,0,0
1063,5,0,0
1064,5,0,0
1065,5,0,0
1066,5,0,0
1067,5,0,0
1068,5,0,0
1069,5,0,0
1070,5,0,0
1071,5,0,0
1072,5,0,0
1073,5,0,0
1074,5,0,0
1075,5,0,0
1076,5,0,0
1077,5,0,0
1078,5,0,0
1079,5,0,0
1080,5,0,0
1081,5,0,0
1082,5,0,0
1083,5,0,0
1084,5,0,0
1085,5,0,0
1086,0,1,0
1087,1,0,0
1088,1,0,0
1089,2,0,0
1090,3,0,0
1091,4,0,0
1092,5,0,0
1093,5,0,0
1094,5,0,0
1095,5,0,0
1096,5,0,0
1097,5,0,0
1098,5,0,0
1099,5,0,0
1100,5,0,0
1101,5,0,0
1102,5,0,0
1103,5,0,0
1104,5,0,0
1105,5,0,0
1106,5,0,0
1107,5,0,0
1108,5,0,0
1109,5,0,0
1110,0,1,0
1111,0,2,0
1112,0,2,0
1113,0,2,0
1114,0,3,0
1115,0,0,1
1116,0,1,0
1117,0,0,1
1118,0,1,0
1119,0,2,0
1120,0,2,0
1121,0,0,1
1122,0,0,2
1123,0,0,3
1124,0,0,4
1125,0,0,5
1126,0,0,5
1127,0,0,5
1128,0,1,0
1129,0,2,0
1130,0,3,0
1131,0,4,0
1132,0,5,0
1133,0,0,1
1134,0,0,2
1135,0,0,3
1136,0,0,4
1137,0,0,5
1138,0,0,5
1139,0,0,5
1140,0,0,5
1141,0,0,5
1142,0,0,5
1143,0,1,0
1144,0,1,0
1145,0,1,0
1146,0,2,0
1147,0,2,0
1148,0,2,0
1149,0,2,0
1150,0,2,0
1151,0,3,0
1152,1,0,0
1153,2,0,0
1154,0,1,0
1155,0,2,0
1156,1,0,0
1157,0,1,0
1158,0,2,0
1159,1,0,0
1160,0,1,0
1161,1,0,0
1162,0,1,0
1163,0,0,1
1164,0,1,0
1165,0,1,0
1166,0,2,0
1167,1,0,0
1168,0,1,0
1169,1,0,0
1170,0,1,0
1171,0,2,0
1172,0,3,0
1173,0,4,0
1174,0,5,0
1175,0,5,0
1176,0,5,0
1177,0,5,0
1178,0,5,0
1179,0,5,0
1180,0,5,0
1181,0,5,0
1182,0,5,0
1183,0,5,0
1184,0,5,0
1185,0,5,0
1186,0,5,0
1187,0,5,0
1188,0,5,0
1189,0,5,0
1190,0,5,0
1191,0,5,0
1192,0,5,0
1193,0,5,0
1194,1,0,0
1195,1,0,0
1196,2,0,0
1197,2,0,0
1198,0,1,0
1199,0,1,0
1200,0,2,0
1201,0,2,0
1202,1,0,0
1203,0,1,0
1204,1,0,0
1205,0,1,0
1206,0,1,0
1207,0,1,0
1208,1,0,0
1209,2,0,0
1210,3,0,0
1211,4,0,0
1212,0,1,0
1213,0,2,0
1214,0,2,0
1215,0,3,0
1216,0,3,0
1217,0,4,0
1218,1,0,0
1219,0,1,0
1220,0,1,0
1221,0,1,0
1222,0,1,0
1223,0,2,0
1224,0,2,0
1225,1,0,0
1226,1,0,0
1227,0,0,1
1228,1,0,0
1229,1,0,0
1230,0,1,0
1231,0,2,0
1232,0,3,0
1233,0,3,0
1234,0,4,0
1235,0,5,0
1236,0,5,0
1237,0,5,0
1238,0,5,0
1239,0,5,0
1240,0,5,0
1241,0,5,0
1242,0,5,0
1243,0,5,0
1244,0,5,0
1245,0,5,0
1246,0,5,0
1247,0,5,0
1248,0,5,0
1249,0,5,0
1250,0,0,1
1251,0,1,0
1252,0,2,0
1253,0,2,0
1254,0,2,0
1255,0,0,1
1256,0,0,2
1257,0,1,0
1258,0,2,0
1259,0,3,0
1260,0,4,0
1261,0,0,1
1262,0,0,1
1263,0,0,2
1264,0,1,0
1265,0,2,0
1266,0,3,0
1267,0,4,0
1268,0,5,0
1269,0,5,0
1270,0,5,0
1271,0,5,0
1272,0,5,0
1273,0,0,1
1274,0,0,1
1275,0,0,1
1276,0,0,2
1277,0,0,2
1278,0,0,2
1279,0,0,2
1280,0,0,2
1281,0,0,2
1282,0,0,2
1283,0,0,2
1284,0,0,2
1285,0,0,2
1286,0,0,2
1287,0,0,2
1288,0,0,2
1289,0,0,2
1290,0,0,2
1291,0,0,2
1292,0,0,2
1293,0,0,2
1294,0,0,2
1295,0,0,2
1296,0,0,2
1297,0,0,2
1298,0,0,2
1299,0,0,2
1300,0,0,2
1301,0,0,2
1302,0,1,0
1303,0,2,0
1304,0,2,0
1305,0,3,0
1306,0,4,0
1307,0,5,0
1308,0,5,0
1309,0,5,0
1310,0,0,1
1311,0,0,1
1312,0,0,2
1313,0,1,0
1314,0,2,0
1315,0,3,0
1316,0,4,0
1317,0,4,0
1318,0,5,0
1319,0,5,0
1320,0,5,0
1321,0,5,0
1322,0,5,0
1323,0,5,0
1324,0,5,0
1325,0,5,0
1326,0,5,0
1327,0,5,0
1328,0,5,0
1329,0,5,0
1330,0,5,0
1331,0,5,0
1332,0,5,0
1333,0,5,0
1334,0,5,0
1335,0,5,0
1336,0,5,0
1337,0,5,0
1338,0,5,0
1339,0,5,0
1340,0,5,0
1341,0,5,0
1342,0,5,0
1343,0,5,0
1344,0,5,0
1345,0,5,0
1346,0,5,0
1347,0,5,0
1348,0,5,0
1349,0,5,0
1350,0,5,0
1351,0,5,0
1352,0,5,0
1353,0,5,0
1354,0,5,0
1355,0,5,0
1356,0,5,0
1357,0,5,0
1358,0,5,0
1359,0,5,0
1360,0,5,0
1361,0,5,0
1362,0,5,0
1363,0,5,0
1364,0,5,0
1365,0,5,0
1366,0,5,0
1367,0,0,1
1368,0,1,0
1369,0,2,0
1370,0,2,0
1371,0,3,0
1372,0,0,1
1373,0,0,2
1374,0,1,0
1375,0,2,0
1376,0,2,0
1377,0,3,0
1378,0,3,0
1379,0,4,0
1380,0,4,0
1381,0,4,0
1382,0,4,0
1383,0,4,0
1384,0,4,0
1385,0,4,0
1386,0,4,0
1387,0,5,0
1388,0,5,0
1389,0,5,0
1390,0,5,0
1391,0,5,0
1392,0,5,0
1393,0,5,0
1394,0,5,0
1395,0,5,0
1396,0,5,0
1397,0,5,0
1398,0,5,0
1399,0,5,0
1400,0,5,0
1401,0,5,0
1402,0,5,0
1403,0,5,0
1404,0,5,0
1405,0,5,0
1406,0,5,0
1407,0,5,0
1408,0,5,0
1409,0,5,0
1410,0,5,0
1411,0,5,0
1412,0,5,0
1413,0,5,0
1414,0,5,0
1415,0,5,0
1416,0,5,0
1417,0,5,0
1418,0,0,1
1419,0,0,1
1420,0,0,1
1421,0,1,0
1422,0,1,0
1423,0,1,0
1424,0,1,0
1425,0,1,0
1426,0,1,0
1427,0,2,0
1428,0,2,0
1429,0,2,0
1430,0,2,0
1431,0,2,0
1432,0,0,1
1433,0,1,0
1434,0,2,0
1435,0,2,0
1436,0,2,0
1437,0,2,0
1438,0,2,0
1439,0,2,0
1440,0,2,0
1441,0,2,0
1442,0,2,0
1443,0,2,0
1444,0,3,0
1445,0,3,0
1446,0,4,0
1447,0,4,0
1448,0,4,0
1449,0,4,0
1450,0,4,0
1451,0,4,0
1452,0,5,0
1453,0,5,0
1454,0,5,0
1455,0,5,0
1456,0,5,0
1457,0,5,0
1458,0,5,0
1459,0,5,0
1460,0,5,0
1461,0,5,0
1462,0,5,0
1463,0,5,0
1464,0,5,0
1465,0,5,0
1466,0,5,0
1467,0,5,0
1468,0,5,0
1469,0,0,1
1470,0,0,1
1471,0,1,0
1472,0,2,0
1473,0,3,0
1474,0,4,0
1475,0,4,0
1476,0,4,0
1477,0,4,0
1478,0,0,1
1479,0,0,1
1480,0,0,2
1481,0,0,2
1482,0,0,2
1483,0,0,2
1484,0,0,2
1485,0,0,2
1486,0,0,2
1487,0,1,0
1488,0,2,0
1489,0,3,0
1490,0,4,0
1491,0,4,0
1492,0,4,0
1493,0,5,0
1494,0,5,0
1495,0,5,0
1496,0,5,0
1497,0,0,1
1498,0,0,2
1499,0,0,3
1500,0,0,4
1501,0,0,5
1502,0,0,5
1503,0,0,5
1504,0,0,5
1505,0,0,5
1506,0,1,0
1507,0,2,0
1508,0,3,0
1509,0,3,0
1510,0,3,0
1511,0,0,1
1512,0,0,2
1513,0,0,2
1514,0,0,2
1515,0,0,2
1516,0,0,2
1517,0,0,2
1518,0,0,3
1519,0,0,3
1520,0,0,3
1521,0,0,3
1522,0,0,3
1523,0,0,3
1524,0,0,3
1525,0,0,3
1526,0,0,3
1527,0,0,3
1528,0,0,3
1529,0,0,3
1530,0,0,3
1531,0,0,4
1532,0,0,4
1533,0,0,4
1534,0,0,5
1535,0,0,5
1536,0,0,5
1537,0,0,5
1538,0,0,5
1539,0,0,5
1540,0,0,5
1541,0,0,5
1542,0,0,5
1543,0,1,0
1544,0,2,0
1545,0,3,0
1546,0,3,0
1547,0,0,1
1548,0,1,0
1549,0,0,1
1550,0,1,0
1551,0,0,1
1552,0,1,0
1553,0,2,0
1554,0,3,0
1555,0,4,0
1556,0,0,1
1557,0,1,0
1558,0,2,0
1559,0,3,0
1560,0,4,0
1561,0,5,0
1562,0,5,0
1563,0,5,0
1564,0,5,0
1565,0,5,0
1566,0,5,0
1567,0,5,0
1568,0,5,0
1569,0,5,0
1570,0,5,0
1571,0,5,0
1572,0,5,0
1573,0,5,0
1574,0,5,0
1575,0,5,0
1576,0,0,1
1577,0,0,2
1578,0,1,0
1579,0,0,1
1580,0,0,2
1581,0,0,3
1582,0,0,3
1583,0,0,3
1584,0,0,3
1585,0,0,3
1586,0,0,3
1587,0,0,3
1588,0,0,3
1589,0,0,3
1590,0,0,3
1591,0,0,3
1592,0,0,3
1593,0,0,3
1594,0,1,0
1595,0,2,0
1596,0,3,0
1597,0,4,0
1598,0,5,0
1599,0,5,0
1600,0,5,0
1601,0,5,0
1602,0,5,0
1603,0,5,0
1604,0,5,0
1605,0,5,0
1606,0,5,0
1607,0,5,0
1608,0,0,1
1609,0,0,2
1610,0,1,0
1611,0,0,1
1612,0,0,1
1613,0,0,1
1614,0,0,2
1615,0,1,0
1616,0,2,0
1617,0,3,0
1618,0,4,0
1619,0,4,0
1620,0,4,0
1621,0,4,0
1622,0,4,0
1623,0,0,1
1624,0,0,2
1625,0,0,2
1626,0,0,3
1627,0,0,4
1628,0,0,5
1629,0,0,5
1630,0,0,5
1631,0,0,5
1632,0,0,5
1633,0,0,5
1634,0,0,5
1635,0,0,5
1636,0,0,5
1637,0,0,5
1638,0,0,5
1639,0,0,5
1640,0,0,5
1641,0,0,5
1642,0,0,5
1643,0,0,5
1644,0,0,5
1645,0,0,5
1646,0,0,5
1647,0,0,5
1648,0,0,5
1649,0,0,5
1650,0,0,5
1651,0,0,5
1652,0,0,5
1653,0,0,5
1654,0,0,5
1655,0,0,5
1656,0,0,5
1657,0,0,5
1658,0,0,5
1659,0,0,5
1660,0,0,5
1661,0,1,0
1662,0,2,0
1663,0,3,0
1664,0,4,0
1665,0,5,0
1666,0,5,0
1667,0,5,0
1668,0,5,0
1669,0,5,0
1670,0,5,0
1671,0,5,0
1672,0,5,0
1673,0,5,0
1674,0,5,0
1675,0,5,0
1676,0,5,0
1677,0,5,0
1678,0,5,0
1679,0,5,0
1680,0,5,0
1681,0,5,0
1682,0,5,0
1683,0,5,0
1684,0,5,0
1685,0,5,0
1686,0,5,0
1687,0,5,0
1688,0,5,0
1689,0,5,0
1690,0,5,0
1691,0,5,0
1692,0,5,0
1693,0,5,0
1694,0,5,0
1695,0,5,0
1696,0,5,0
1697,0,5,0
1698,0,5,0
1699,0,5,0
1700,0,5,0
1701,0,5,0
1702,0,5,0
1703,0,5,0
1704,0,5,0
1705,0,5,0
1706,0,5,0
1707,0,5,0
1708,0,5,0
1709,0,5,0
1710,0,5,0
1711,0,5,0
1712,0,5,0
1713,0,5,0
1714,0,5,0
1715,0,5,0
1716,0,5,0
1717,0,5,0
1718,0,5,0
1719,0,5,0
1720,0,5,0
1721,0,5,0
1722,0,5,0
1723,0,5,0
1724,0,5,0
1725,0,5,0
1726,0,5,0
1727,0,5,0
1728,0,5,0
1729,0,5,0
1730,0,5,0
1731,0,0,1
1732,0,1,0
1733,0,1,0
1734,0,2,0
1735,1,0,0
1736,0,1,0
1737,1,0,0
1738,2,0,0
1739,3,0,0
1740,4,0,0
1741,5,0,0
1742,5,0,0
1743,0,1,0
1744,0,1,0
1745,0,1,0
1746,0,0,1
1747,0,0,2
1748,0,0,2
1749,0,1,0
1750,0,2,0
1751,0,3,0
1752,0,4,0
1753,0,5,0
1754,0,5,0
1755,0,5,0
1756,0,5,0
1757,0,5,0
1758,0,5,0
1759,0,0,1
1760,0,0,2
1761,0,1,0
1762,0,1,0
1763,0,2,0
1764,0,2,0
1765,0,3,0
1766,0,4,0
1767,0,5,0
1768,0,5,0
1769,0,5,0
1770,0,5,0
1771,0,5,0
1772,0,5,0
1773,0,5,0
1774,0,5,0
1775,0,5,0
1776,0,5,0
1777,0,5,0
1778,0,5,0
1779,0,5,0
1780,0,5,0
1781,0,5,0
1782,0,5,0
1783,0,5,0
1784,0,5,0
1785,0,5,0
1786,0,5,0
1787,0,5,0
1788,0,5,0
1789,0,5,0
1790,1,0,0
1791,2,0,0
1792,3,0,0
1793,4,0,0
1794,5,0,0
1795,5,0,0
1796,5,0,0
1797,5,0,0
1798,5,0,0
1799,5,0,0
1800,5,0,0
1801,5,0,0
1802,5,0,0
1803,5,0,0
1804,5,0,0
1805,5,0,0
1806,5,0,0
1807,5,0,0
1808,5,0,0
1809,5,0,0
1810,5,0,0
1811,5,0,0
1812,5,0,0
1813,5,0,0
1814,5,0,0
1815,5,0,0
1816,5,0,0
1817,5,0,0
1818,5,0,0
1819,5,0,0
1820,5,0,0
1821,0,1,0
1822,1,0,0
1823,1,0,0
1824,2,0,0
1825,0,1,0
1826,1,0,0
1827,0,1,0
1828,1,0,0
1829,0,1,0
1830,0,2,0
1831,0,2,0
1832,1,0,0
1833,2,0,0
1834,3,0,0
1835,4,0,0
1836,0,1,0
1837,0,2,0
1838,0,3,0
1839,0,3,0
1840,0,4,0
1841,0,5,0
1842,0,5,0
1843,0,5,0
1844,0,5,0
1845,1,0,0
1846,2,0,0
1847,3,0,0
1848,4,0,0
1849,5,0,0
1850,5,0,0
1851,5,0,0
1852,5,0,0
1853,5,0,0
1854,5,0,0
1855,0,1,0
1856,1,0,0
1857,0,1,0
1858,0,1,0
1859,1,0,0
1860,0,1,0
1861,1,0,0
1862,1,0,0
1863,2,0,0
1864,0,1,0
1865,1,0,0
1866,2,0,0
1867,0,1,0
1868,0,2,0
1869,1,0,0
1870,2,0,0
1871,3,0,0
1872,4,0,0
1873,0,1,0
1874,0,2,0
1875,0,3,0
1876,0,4,0
1877,1,0,0
1878,0,1,0
1879,0,2,0
1880,0,3,0
1881,1,0,0
1882,0,1,0
1883,1,0,0
1884,1,0,0
1885,1,0,0
1886,1,0,0
1887,1,0,0
1888,0,1,0
1889,0,2,0
1890,0,2,0
1891,0,2,0
1892,0,3,0
1893,0,4,0
1894,0,5,0
1895,0,5,0
1896,0,5,0
1897,0,5,0
1898,0,5,0
1899,0,5,0
1900,1,0,0
1901,1,0,0
1902,2,0,0
1903,0,1,0
1904,1,0,0
1905,2,0,0
1906,3,0,0
1907,4,0,0
1908,5,0,0
1909,5,0,0
1910,5,0,0
1911,5,0,0
1912,0,1,0
1913,0,2,0
1914,0,3,0
1915,0,4,0
1916,0,5,0
1917,0,5,0
1918,0,5,0
1919,0,5,0
1920,0,5,0
1921,0,5,0
1922,0,5,0
1923,1,0,0
1924,2,0,0
1925,0,1,0
1926,0,2,0
1927,0,3,0
1928,0,4,0
1929,1,0,0
1930,2,0,0
1931,3,0,0
1932,0,1,0
1933,1,0,0
1934,1,0,0
1935,0,1,0
1936,0,2,0
1937,0,3,0
1938,0,4,0
1939,0,4,0
1940,0,4,0
1941,0,4,0
1942,0,4,0
1943,1,0,0
1944,1,0,0
1945,1,0,0
1946,1,0,0
1947,0,0,1
1948,0,0,2
1949,0,0,3
1950,0,0,4
1951,0,0,5
1952,0,0,5
1953,0,0,5
1954,0,1,0
1955,0,2,0
1956,0,3,0
1957,0,4,0
1958,0,5,0
1959,0,0,1
1960,0,0,1
1961,0,1,0
1962,0,1,0
1963,0,2,0
1964,0,2,0
1965,0,3,0
1966,0,4,0
1967,0,5,0
1968,0,5,0
1969,0,5,0
1970,0,5,0
1971,0,5,0
1972,0,5,0
1973,0,5,0
1974,0,5,0
1975,0,0,1
1976,1,0,0
1977,1,0,0
1978,2,0,0
1979,0,1,0
1980,0,1,0
1981,0,1,0
1982,0,1,0
1983,0,1,0
1984,0,1,0
1985,0,1,0
1986,0,1,0
1987,0,1,0
1988,0,2,0
1989,0,3,0
1990,0,4,0
1991,0,5,0
1992,0,5,0
1993,0,5,0
1994,0,5,0
1995,0,5,0
1996,0,5,0
1997,0,5,0
1998,0,5,0
1999,0,5,0
2000,0,5,0
2001,0,5,0
2002,1,0,0
2003,0,1,0
2004,0,2,0
2005,0,2,0
2006,0,2,0
2007,0,3,0
2008,0,4,0
2009,0,5,0
2010,0,5,0
2011,0,5,0
2012,0,5,0
2013,0,5,0
2014,0,5,0
2015,0,5,0
2016,0,5,0
2017,0,5,0
2018,0,5,0
2019,0,5,0
2020,0,5,0
2021,0,5,0
2022,0,5,0
2023,0,5,0
2024,0,5,0
2025,0,5,0
2026,0,5,0
2027,0,5,0
2028,1,0,0
2029,2,0,0
2030,3,0,0
2031,4,0,0
2032,5,0,0
2033,5,0,0
2034,5,0,0
2035,5,0,0
2036,5,0,0
2037,5,0,0
2038,5,0,0
2039,5,0,0
2040,5,0,0
2041,5,0,0
2042,5,0,0
2043,5,0,0
2044,5,0,0
2045,0,1,0
2046,1,0,0
2047,2,0,0
2048,3,0,0
2049,4,0,0
2050,5,0,0
2051,5,0,0
2052,5,0,0
2053,5,0,0
2054,5,0,0
2055,5,0,0
2056,5,0,0
2057,5,0,0
2058,5,0,0
2059,5,0,0
2060,5,0,0
2061,5,0,0
2062,5,0,0
2063,5,0,0
2064,5,0,0
2065,5,0,0
2066,5,0,0
2067,5,0,0
2068,5,0,0
2069,5,0,0
2070,5,0,0
2071,5,0,0
2072,5,0,0
2073,5,0,0
2074,5,0,0
2075,0,1,0
2076,1,0,0
2077,2,0,0
2078,3,0,0
2079,4,0,0
2080,5,0,0
2081,5,0,0
2082,5,0,0
2083,5,0,0
2084,5,0,0
2085,5,0,0
2086,5,0,0
2087,5,0,0
2088,5,0,0
2089,5,0,0
2090,5,0,0
2091,5,0,0
2092,5,0,0
2093,5,0,0
2094,5,0,0
2095,5,0,0
2096,5,0,0
2097,5,0,0
2098,0,0,1
2099,0,0,1
2100,1,0,0
2101,2,0,0
2102,3,0,0
2103,4,0,0
2104,5,0,0
2105,5,0,0
2106,5,0,0
2107,0,1,0
2108,0,1,0
2109,1,0,0
2110,2,0,0
2111,3,0,0
2112,0,1,0
2113,0,1,0
2114,0,1,0
2115,0,2,0
2116,0,2,0
2117,0,3,0
2118,0,0,1
2119,0,1,0
2120,0,1,0
2121,0,2,0
2122,0,3,0
2123,0,3,0
2124,0,4,0
2125,0,4,0
2126,0,4,0
2127,0,5,0
2128,0,5,0
2129,0,5,0
2130,0,5,0
2131,0,5,0
2132,0,5,0
2133,0,5,0
2134,0,5,0
2135,0,5,0
2136,0,5,0
2137,0,5,0
2138,0,5,0
2139,0,5,0
2140,0,5,0
2141,0,5,0
2142,0,5,0
2143,0,5,0
2144,0,5,0
2145,1,0,0
2146,0,1,0
2147,0,2,0
2148,0,3,0
2149,0,4,0
2150,0,5,0
2151,0,5,0
2152,0,0,1
2153,0,0,2
2154,0,0,3
2155,1,0,0
2156,0,1,0
2157,0,2,0
2158,1,0,0
2159,2,0,0
2160,3,0,0
2161,4,0,0
2162,5,0,0
2163,5,0,0
2164,5,0,0
2165,5,0,0
2166,0,1,0
2167,1,0,0
2168,2,0,0
2169,2,0,0
2170,2,0,0
2171,2,0,0
2172,3,0,0
2173,4,0,0
2174,5,0,0
2175,0,1,0
2176,0,2,0
2177,1,0,0
2178,0,1,0
2179,0,2,0
2180,0,2,0
2181,0,2,0
2182,0,2,0
2183,0,3,0
2184,0,4,0
2185,0,5,0
2186,0,5,0
2187,1,0,0
2188,1,0,0
2189,0,1,0
2190,0,2,0
2191,0,2,0
2192,0,2,0
2193,0,3,0
2194,0,3,0
2195,1,0,0
2196,2,0,0
2197,0,1,0
2198,0,2,0
2199,1,0,0
2200,2,0,0
2201,3,0,0
2202,0,1,0
2203,0,2,0
2204,1,0,0
2205,2,0,0
2206,3,0,0
2207,0,1,0
2208,1,0,0
2209,0,1,0
2210,1,0,0
2211,0,1,0
2212,1,0,0
2213,0,1,0
2214,0,2,0
2215,0,3,0
2216,0,4,0
2217,0,5,0
2218,0,5,0
2219,0,5,0
2220,1,0,0
2221,0,1,0
2222,1,0,0
2223,2,0,0
2224,3,0,0
2225,4,0,0
2226,5,0,0
2227,5,0,0
2228,5,0,0
2229,5,0,0
2230,5,0,0
2231,0,1,0
2232,0,2,0
2233,0,2,0
2234,0,3,0
2235,0,4,0
2236,0,5,0
2237,0,5,0
2238,0,5,0
2239,0,5,0
2240,0,5,0
2241,0,5,0
2242,0,5,0
2243,0,5,0
2244,0,5,0
2245,0,5,0
2246,0,5,0
2247,0,0,1
2248,0,1,0
2249,0,2,0
2250,1,0,0
2251,2,0,0
2252,3,0,0
2253,4,0,0
2254,0,1,0
2255,0,1,0
2256,0,1,0
2257,0,2,0
2258,1,0,0
2259,2,0,0
2260,0,1,0
2261,1,0,0
2262,0,1,0
2263,1,0,0
2264,0,1,0
2265,1,0,0
2266,0,1,0
2267,0,2,0
2268,0,0,1
2269,0,1,0
2270,1,0,0
2271,0,1,0
2272,0,2,0
2273,0,3,0
2274,0,4,0
2275,0,5,0
2276,0,5,0
2277,0,5,0
2278,0,5,0
2279,0,5,0
2280,0,5,0
2281,0,5,0
2282,0,5,0
2283,0,5,0
2284,0,5,0
2285,0,5,0
2286,0,5,0
2287,0,5,0
2288,0,5,0
2289,0,5,0
2290,0,5,0
2291,0,5,0
2292,0,5,0
2293,1,0,0
2294,0,1,0
2295,0,0,1
2296,0,0,2
2297,0,0,2
2298,0,0,2
2299,0,0,2
2300,0,0,2
2301,0,0,2
2302,0,0,2
2303,0,0,2
2304,0,1,0
2305,0,1,0
2306,0,2,0
2307,0,3,0
2308,0,4,0
2309,0,5,0
2310,0,5,0
2311,0,5,0
2312,0,5,0
2313,0,5,0
2314,0,5,0
2315,0,5,0
2316,1,0,0
2317,0,1,0
2318,0,1,0
2319,1,0,0
2320,2,0,0
2321,0,1,0
2322,1,0,0
2323,2,0,0
2324,3,0,0
2325,4,0,0
2326,0,1,0
2327,1,0,0
2328,2,0,0
2329,3,0,0
2330,4,0,0
2331,5,0,0
2332,5,0,0
2333,5,0,0
2334,5,0,0
2335,0,1,0
2336,1,0,0
2337,0,1,0
2338,1,0,0
2339,2,0,0
2340,0,1,0
2341,1,0,0
2342,0,1,0
2343,0,2,0
2344,1,0,0
2345,2,0,0
2346,3,0,0
2347,0,1,0
2348,0,2,0
2349,1,0,0
2350,2,0,0
2351,2,0,0
2352,3,0,0
2353,4,0,0
2354,0,1,0
2355,1,0,0
2356,0,0,1
2357,1,0,0
2358,1,0,0
2359,2,0,0
2360,0,1,0
2361,0,2,0
2362,0,3,0
2363,0,4,0
